Name,Description,Category
VideoCropper,A software application that allows users to easily crop and resize videos based on their desired dimensions and aspect ratio.,Video
SafeGuard,"SafeGuard is a security software application that provides real-time monitoring and protection for personal computers and mobile devices. It continuously scans for malware, viruses, and unauthorized access attempts, while also offering secure browsing features and password management functionality to ensure data privacy and security. SafeGuard includes a robust firewall and encryption capabilities to prevent unauthorized intrusion and protect sensitive information from being compromised.",Security
Financial_Document_Manager,"Financial Document Manager is a business software application that helps businesses manage and organize their financial documents. It provides features for scanning and uploading documents, categorizing and labeling them, setting document expiration dates, and generating document reports. The application also offers features for secure storage and retrieval of documents, ensuring easy access and compliance with financial regulations.",Business
Medical_Symptom_Recommender,"A software application that recommends potential medical conditions or diagnoses based on the symptoms provided by the user. It uses a database of known symptoms and associated conditions to generate a list of possible diagnoses, along with information on causes, treatments, and recommended next steps.",Medical
Board_Game_Strategy_Coach,"The Board Game Strategy Coach is a software application that provides strategic advice and coaching for players during board games. It analyzes the current game state, evaluates the available options, and offers recommendations on optimal moves and strategies. The coach takes into account factors such as player positions, resource allocation, and game objectives to provide personalized guidance. It also includes interactive visualizations and explanations to help players understand the reasoning behind the suggestions.",Board_Game
Public_Transport_Optimizer,"The Public Transport Optimizer is a software application that helps users optimize their public transportation routes. It takes into account factors such as time, distance, cost, and user preferences to suggest the most efficient and convenient routes. The software utilizes a database of public transportation schedules and maps to calculate the optimal route based on real-time data.",Transportation
Graphic_Pattern_Maker,"GraphicPatternMaker is a graphics software application that allows users to create and customize seamless patterns for use in their design projects. It provides a variety of tools and features for selecting and arranging patterns, including pattern libraries, pattern templates, and pattern blending options. Users can adjust parameters such as scale, rotation, and opacity to create unique and visually appealing patterns. GraphicPatternMaker also offers options for saving and exporting patterns in various file formats.",Graphics
SocialShare,"SocialShare is a social networking software application that allows users to share and discover content with others. Users can create profiles, upload images, videos, or articles, and share them with their network. They can also explore and interact with content shared by others, such as liking, commenting, or saving content for later. SocialShare aims to foster a community where users can connect through shared interests and engage in meaningful conversations.",SocialNetwork
Financial_Advisor,"The Financial Advisor is a management game software that allows players to take on the role of a financial advisor and guide virtual individuals or companies with their financial decisions. Players can provide advice on investment strategies, retirement planning, budgeting, and risk management. They can analyze market trends, evaluate financial products, and create customized financial plans for their clients. The goal is to help clients achieve their financial goals and build wealth.",Management_Game
SecurePort,"SecurePort is a security software application that provides real-time monitoring and protection for network ports, ensuring that only authorized connections are established. It analyzes incoming and outgoing network traffic to detect any unauthorized access attempts or suspicious activities. SecurePort also includes a firewall feature that blocks incoming connections from unknown sources, further enhancing network security.",Security
AstroViewer,"AstroViewer is a software application that allows users to explore and visualize the night sky. It provides a comprehensive database of celestial objects such as stars, planets, and constellations. Users can search for specific objects, view their positions in real-time based on their current location, and learn more about them through detailed information and interactive visuals. AstroViewer also includes features like time-lapse animation of celestial events and the ability to customize the view by adjusting parameters such as time, date, and magnitude.",Science
Board_Game_Dice_Tower_Simulator,Accurately simulate a dice tower for board games with customizable appearance and sound effects. Enhance the board game experience by adding a touch of realism.,Board_Game
Board_Game_Score_Predictor,"A software application that uses machine learning algorithms to predict the scores of players in board games based on their previous performance and gameplay patterns. It takes into account factors such as game type, number of players, and individual player strategies to generate accurate score predictions.",Board_Game
SafeScan,"SafeScan is a security software application that provides comprehensive scanning and analysis of files and applications on a personal computer. It scans for potential security threats such as malware, ransomware, and suspicious files, and provides real-time alerts to the user. SafeScan also includes a file integrity checker that verifies the integrity of system files and alerts the user if any changes are detected. It offers both scheduled and on-demand scanning options, allowing users to ensure the security of their computer at their convenience.",Security
StoryTime_Companion,A software that enhances bedtime story reading by providing interactive animations and voice-over narration.,Family_Kids
Data_Formatter,"The Data Formatter is a software application that allows users to easily format and transform their data sets into a desired structure. Users can import their data in various formats, such as CSV or Excel files, and specify the formatting rules they want to apply. The software provides a wide range of formatting options, including changing data types, rearranging columns, removing duplicates, and merging cells. It simplifies the process of standardizing data and preparing it for analysis or further processing.",Data
NotePalette,"A software application that allows users to create and organize digital notebooks specifically designed for color palettes. Users can create new palettes by selecting colors from a color picker or by importing colors from images. They can also organize their palettes into categories such as warm colors, cool colors, pastel colors, etc. NotePalette provides tools to easily rearrange, delete, or duplicate colors within a palette. Users can add notes or descriptions to each color and customize the display of the palette by choosing different layouts or grid arrangements.",Notebook
Dungeon_Mapper,"Dungeon Mapper is a software application that allows role-playing game players to create and customize their own dungeon maps. Users can design various layouts, including rooms, corridors, traps, and treasures, to build immersive and challenging dungeons for their games. The application provides an intuitive interface with drag-and-drop functionality for easy map creation. Additionally, it offers a variety of tilesets and icons to customize the visual representation of the dungeon.",Role_Playing_Game
Science_Experiment_Planner,A software application designed to assist science students and researchers in planning and organizing their experiments.,Science
Medical_Appointment_Scheduler,"This software allows patients to schedule medical appointments with doctors, search based on specialization and location, view available time slots, and book appointments. Reminders are sent to patients about upcoming appointments.",Medical
Language_Pronunciation_Evaluation,"The Language Pronunciation Evaluation is a software application that allows users to assess and improve their pronunciation skills in a specific language. Users can record their voice while reading sentences or phrases in the target language, and the software analyzes their pronunciation accuracy. It provides instant feedback and suggestions for improvement, helping users refine their pronunciation. The application is user-friendly and can be used by learners of all levels to enhance their language speaking abilities.",Language
Photo_Background_Changer,"A software application that allows users to easily change the background of their photos. Users can select an image and choose a new background image or color. The software intelligently removes the existing background and replaces it with the new one, preserving the main subject with accuracy. It provides tools to refine the selection and make adjustments if needed. Once the background is changed, users can save the edited image.",Photo
Street_Racers,"Street Racers is a racing game software that focuses on illegal street racing in urban environments. Players can choose from a variety of street racing cars and compete against AI opponents in thrilling races through city streets, highways, and back alleys. The main objective is to outmaneuver opponents, navigate through traffic, and reach the finish line first while avoiding capture by law enforcement. The game features realistic physics, intense gameplay, and stunning graphics to provide an adrenaline-fueled street racing experience.",Racing_Game
Workout_Planner,"Workout Planner is a software application that helps users create personalized workout plans and schedule their exercises. Users can input their fitness goals, such as weight loss, muscle gain, or overall fitness improvement. The app generates a customized plan that includes a variety of exercises targeting different muscle groups. It also provides reminders and notifications to keep users on track with their workouts.",Health_Fitness
Sales_Territory_Manager,"Sales Territory Manager is a business software application that helps businesses organize and manage their sales territories. It provides features for defining and assigning territories to sales representatives, tracking territory performance metrics, and generating reports for analysis and optimization.",Business
Expense_Analyzer,"Expense Analyzer is a finance software application that helps users analyze their expenses and identify areas where they can cut costs and save money. Users can input their expenses and categorize them into different categories such as groceries, entertainment, utilities, etc. The application will provide visualizations and reports that show users how much they are spending in each category and how it compares to their budget. Additionally, the application will offer personalized tips and recommendations on how users can reduce their expenses and achieve their financial goals.",Finance
Speed_Master,"Speed Master is a racing game software that focuses on time trials and individual performance. Players can choose from a variety of high-performance vehicles and compete to set the fastest lap times on a range of challenging tracks. The main objective is to master the tracks by finding the best racing line, optimizing speed through corners, and efficiently using boosters. The game features realistic physics and immersive graphics to enhance the racing experience.",Racing_Game
RecommendationMate,A software that recommends personalized movie recommendations based on user preferences and historical data.,Personalisation
Exercise_Planner,"The Exercise Planner is a software application that helps users create personalized exercise plans and schedule their workouts. Users can input their fitness goals, such as weight loss, muscle gain, or overall fitness improvement. The app generates a customized plan that includes a variety of exercises targeting different muscle groups. It also provides reminders and notifications to keep users on track with their workouts.",Health_Fitness
Personal_Music_Coach,"The Personal Music Coach is a software application that provides personalized feedback and guidance to help users improve their musical skills. Users can input their instrument of choice and their current skill level. The software analyzes their performance and provides targeted recommendations for practice exercises, technique improvement, and repertoire selection. It also offers features like progress tracking and practice reminders to help users stay motivated and on track with their musical goals.",Personalisation
TeamBuilder,"TeamBuilder is a management game software that allows players to create and manage their own virtual sports teams. Players can scout for new talent, train their athletes, and develop strategies to compete against other virtual teams in simulated matches.",Management_Game
Space_Invaders,"A classic shooter game where players control a spaceship and defend Earth from waves of invading alien spacecraft. Players must navigate their ship and shoot down the aliens, avoiding their projectiles. The game features different types of aliens with varying behavior patterns, power-ups for enhanced abilities, and increasing difficulty levels as the player progresses.",Shooter_Game
BookLift,"A software application that provides personalized book recommendations, allowing users to discover new books based on their preferences. Users can create profiles, input their preferred genres, and rate books. BookLift generates tailored book recommendations, suggests titles from various genres, offers comprehensive book details, and includes a book discovery section for exploring curated collections and popular book lists.",Reference_Books
QuickBite,"QuickBite is a Restaurants&Delivery software application that offers personalized restaurant recommendations to users based on their preferences. It allows users to browse menus, view ratings and reviews, and place orders for pickup or delivery.",Restaurants_Delivery
WordMaster,An application to improve vocabulary and enhance language skills,Language
WellnessTracker,"WellnessTracker is a personalization software application that helps users track and monitor their overall wellness and provides personalized recommendations for improving their well-being. Users can input various aspects of their wellness, such as physical activity, sleep quality, nutrition, stress levels, and mental health. The software analyzes the user",Personalisation
Medical_Symptom_Tracker,"A software application that allows users to track and monitor their symptoms over time, enabling them to identify patterns and potential triggers. Users can log symptoms, severity, duration, and associated factors such as food, stress, or environment to gain insights into their health and make informed decisions.",Medical
BudgetOptimizer,"BudgetOptimizer is a budgeting software application that helps individuals optimize their finances by analyzing their income and expenses and providing personalized recommendations for improving their financial management. It offers features such as income tracking, expense categorization, budget goal setting, and spending analysis. Users can input their monthly income and expenses, and BudgetOptimizer will provide insights on areas where spending can be reduced or optimized to achieve financial goals. It also generates reports and charts to visualize spending patterns and progress towards budget goals.",Budgeting
Image_Mosaic_Maker,"Image Mosaic Maker is a graphics software application that allows users to create mosaic art from their digital images. Users can choose a base image and select a collection of smaller images to use as tiles. The software automatically arranges and blends the tiles to recreate the base image using a mosaic effect. Users can adjust parameters such as tile size, spacing, and color blending to customize the output. Image Mosaic Maker provides an intuitive interface that makes it easy for both professional artists and hobbyists to create stunning mosaic artwork.",Graphics
Block_Puzzle_Challenge,"Block Puzzle Challenge is a puzzle game where players have to strategically place blocks on a grid to create complete rows and columns. The objective is to clear as many rows and columns as possible to earn points and prevent the grid from filling up. Players are given a selection of blocks of various shapes and sizes, and they need to carefully consider the placement of each block to maximize their score. The game includes multiple levels with increasing difficulty and provides a leaderboard to track high scores.",Puzzle_Game
Kingdom_Strategist,"Kingdom Strategist is a strategy game software application that allows players to strategically plan and manage their own medieval kingdoms. Players must allocate resources, construct buildings, train armies, and engage in battles with other kingdoms or AI opponents. The game offers a variety of terrain types, unit types, and strategic challenges to test players",Strategy_Game
Business_Workflow_Automation,"Business Workflow Automation is a software application that helps businesses automate and streamline their internal workflows. It allows users to create and manage workflow templates, define the sequence of tasks, set deadlines and assign responsibilities. The application also facilitates task tracking and progress monitoring, ensuring that the workflow is executed efficiently. Additionally, it provides features for generating reports and analyzing workflow performance metrics.",Business
Disk_Space_Analyzer,"Disk Space Analyzer is a software application that scans a selected drive or directory and provides a detailed report of the size and distribution of files and folders. It helps users identify large files or directories that are taking up excessive storage space, enabling them to optimize their file organization and free up storage.",Tools_Utilities
Daily_Water_Tracker,DailyWaterTracker is a software application that helps users track and manage their daily water intake.,Health_Fitness
Creature_Evolution_Simulator,A simulation game where players can observe and influence the evolution of virtual creatures by manipulating environmental factors and witnessing natural selection in action.,Simulation_Game
Calorie_Burner,Calorie Burner is a software application that allows users to track and monitor the number of calories burned during physical activities and workouts. Users can select from a list of common activities or input custom activities to calculate the calories burned. The app provides real-time tracking of calories burned and displays an overview of the user,Health_Fitness
FitnessProgress,FitnessProgress is a software application that allows users to track and monitor their fitness progress over time...,Health_Fitness
Dragon_Fury,"Dragon Fury is an action game where players take on the role of a powerful dragon soaring through ancient landscapes and battling mythical creatures. Players will have the ability to breathe fire, unleash devastating attacks, and defend themselves with scales and claws. The objective is to defeat bosses and complete quests to restore balance to the dragon realm. The game features stunning visuals, immersive gameplay, and epic dragon battles.",Action_Game
Board_Game_Recommendation_Assistant,"A software application that provides personalized recommendations for board games based on user preferences. It takes into account factors such as number of players, game duration, complexity, and game themes. Users can input their preferences and the software will generate a list of recommended board games that match their criteria. It also includes a search feature where users can explore and discover new board games based on various filters.",Board_Game
Storytime_Fun,"A software application that allows parents to create and customize interactive storybooks for their children. Parents can choose from a variety of themes, characters, and settings, and create personalized stories by adding their own text and images. The app also includes features such as voice-over recording, sound effects, and interactive elements like puzzles or quizzes. Children can then read or listen to the stories on their own, enhancing their reading and comprehension skills while sparking their imagination.",Family_Kids
QuickServe,"QuickServe is a Restaurants&Delivery software application that focuses on providing fast and convenient ready-to-eat meal options for busy individuals. It offers a curated selection of pre-prepared meals from various local restaurants, streamlining the ordering process. Users can browse through available dishes, select their desired meals, and place orders for pickup or delivery with speed and simplicity. QuickServe aims to cater to users who prefer ready-to-eat meals without the hassle of extensive decision-making.",Restaurants_Delivery
Fare_Comparator,"The Fare Comparator is a transportation software application that helps users compare the fares of different transportation options for a given route. It takes into account factors such as distance, time of travel, and user preferences to provide users with a comprehensive comparison of fares across different modes of transportation, including public transport, ride-sharing services, and taxis. The application also considers any ongoing promotions or discounts offered by specific service providers, allowing users to make informed decisions and choose the most cost-effective option.",Transportation
Language_Flashcards,A software that helps language learners improve their vocabulary through flashcards.,Language
Data_Trend_Analyzer,"The Data Trend Analyzer is a software application that allows users to analyze and identify trends in their data sets. It provides users with insights into how data values change over time, allowing them to understand patterns and make informed decisions based on historical trends.",Data
Transportation_Assistant,The Transportation Assistant is a software application that provides personalized assistance and guidance to users for their transportation needs...,Transportation
Calorie_Counter,"Calorie Counter is a simple and effective software that allows users to track their daily caloric intake. With easy food input, the software calculates and displays the total calories consumed. Users can also set daily calorie goals and monitor their progress towards meeting those goals.",Health_Fitness
SocialMatchup,"SocialMatchup is a social networking software application that helps individuals connect and collaborate based on their shared skills and interests. Users can create profiles, specify their skills, expertise, and interests, and search for like-minded individuals to collaborate with. The app provides a matching algorithm that suggests potential matches based on compatibility. Users can initiate conversations, share project ideas, and work together towards a common goal.",SocialNetwork
Video_Cutter,This software allows users to easily trim and cut video files by specifying the desired start and end points.,Video
Sports_Betting_Analyzer,"A software application that provides analysis and insights for sports betting enthusiasts. Users can input data about upcoming matches, such as team statistics, player performance, and historical data. The software then uses these inputs to generate predictions and probabilities for different betting outcomes. It also offers recommendations on which bets to place based on the most favorable odds and potential profitability. Users can customize their betting strategies and track their betting history to monitor their performance.",Sport_Game
Language_Phrasebook_Generator,"The Language Phrasebook Generator is a software application that generates personalized phrasebooks for language learners based on their proficiency level and learning goals. It provides a wide range of commonly used phrases and expressions in the target language, along with audio pronunciations and contextual examples. Users can customize their phrasebook by selecting specific categories (e.g., greetings, dining, transportation) and adding their own phrases. The software also offers quizzes and exercises to help users practice the phrases and track their progress.",Language
GraphicBuilder,"GraphicBuilder is a graphics software application that allows users to create and edit high-quality vector and raster graphics. It provides a wide range of tools and features, including drawing shapes, applying colors and gradients, adding text, manipulating layers, and applying effects. With an intuitive and user-friendly interface, users can easily create professional-looking graphics for various purposes such as illustrations, presentations, logos, and web graphics.",Graphics
Data_Matcher,The Data Matcher is a software application that allows users to compare and match data from different datasets. Users can import two datasets and specify the fields they want to match. The software will identify records in the datasets that have the same values in the specified fields and provide a summary of the matched records. Users can easily view and export the matched records for further analysis.,Data
Movie_Recommendation,"This software provides personalized movie recommendations based on user preferences and viewing history. It analyzes genres, actors, directors, ratings to suggest similar movies. Users can create watchlists, rate movies, and save favorites. Recommendations can be filtered by release year, language, and runtime.",Entertainment
BudgetTrackerLiteEZ,BudgetTrackerLiteEZ is a simplified budgeting software application that helps individuals track and manage their budgets effectively. It provides a user-friendly interface for inputting income and expenses and offers basic budgeting features such as goal setting and visual representations of budget breakdowns.,Budgeting
Data_Integrity_Analyzer,"The Data Integrity Analyzer is a software application that analyzes and evaluates the integrity of data sets, helping users identify and address data quality issues. It performs checks on data consistency, accuracy, completeness, and validity, providing users with a comprehensive assessment of the overall data integrity.",Data
SportArena,Develop a user-friendly software application that allows users to create and customize virtual sports arenas.,Sport_Game
Board_Game_Challenge_Timer,"A software application that provides a customizable timer for board game challenges. Players can set a specific time limit for each challenge and the software displays a countdown timer during gameplay. When the time is up, the software automatically moves to the next challenge.",Board_Game
Medical_Symptom_Tracker_Lite,"A simplified version of the Medical Symptom Tracker software that allows users to track and monitor their symptoms over time. Users can log their symptoms, severity, and duration to gain insights into their health. The software provides basic data visualizations to help users identify patterns and potential triggers. It does not include advanced features for analysis and personalized recommendations.",Medical
Office_Document_Generator,"A software application that allows users to generate various types of office documents such as letters, memos, reports, and presentations. It provides templates, formatting options, and a user-friendly interface to input content and customize the document layout. Users can easily add and edit text, insert images and tables, and apply styles and formatting to create professional and visually appealing documents.",Office
NewsBuzz,Generate personalized news summaries based on user preferences.,News
Medical_Prescriber_Assistant,"A software application that assists healthcare professionals in generating accurate and error-free prescriptions for patients. The application would have a user-friendly interface that allows input of patient information, medical history, and prescribed medications. It would then provide suggestions and alerts for potential drug interactions, allergies, and dosing errors, thus reducing the risk of medication errors and improving patient safety.",Medical
Culture_Recipe,"Culture Recipe is a software application that allows users to explore and learn about traditional recipes from different cultures around the world. Users can discover a wide range of dishes, including appetizers, main courses, desserts, and beverages, from various countries and regions. The application provides step-by-step instructions, ingredient lists, and cooking tips to help users recreate authentic and delicious dishes from different cultures in their own kitchen.",Culture
Video_Scene_Recognition_Viewer,The Video Scene Recognition Viewer is a software application that allows users to view and navigate videos based on automatically recognized scene changes. It utilizes computer vision algorithms to analyze the content of a video and identify different scenes based on visual cues and changes in frames.,Video
Board_Game_Turn_Order_Randomizer,"Board Game Turn Order Randomizer is a software application that ensures fair gameplay by randomizing the turn order for board games. Players input their names and the number of players, and the software generates a random turn order. This eliminates any bias or advantage associated with a predetermined turn order, creating a balanced gaming experience. The simple implementation and lack of complex requirements make this software easy to use and accessible to all board game enthusiasts.",Board_Game
BudgetSaver_Lite,BudgetSaver Lite is a simplified budgeting software application that helps individuals track and manage their budgets effectively. It provides a user-friendly interface for inputting income and expenses and offers basic budgeting features such as goal setting and visual representations of budget breakdowns.,Budgeting
Medical_Test_Appointment_Reminder,"A software application that allows healthcare providers to send automated reminders to patients for their upcoming medical tests. The reminders can be sent via SMS or email, providing details about the test, preparation instructions, and the date and time of the appointment.",Medical
Code_Snippet_Organizer,"The Code Snippet Organizer software allows developers to efficiently store and categorize reusable code snippets. It provides a user-friendly interface where developers can add code snippets, assign tags or labels to them, and make them easily searchable. The software also includes features like syntax highlighting, code formatting, and the ability to preview or execute snippets directly within the application. Developers can export snippets in various formats (such as plain text or code file) for easy sharing or integration into their projects.",Development
Board_Game_Scenario_Creator,"A software application that allows players to create custom scenarios for board games. Players can define the board setup, set objectives and missions, and choose victory conditions. The software provides a user-friendly interface for designing custom scenarios, including options for adding obstacles and bonuses. Players can save and share their created scenarios with others.",Board_Game
Fantasy_Creature_Creator,"Fantasy Creature Creator is a simulation game software where players can unleash their creativity and design their own virtual fantasy creatures. Players can choose from a wide variety of creature parts, including heads, bodies, wings, tails, and more, to create unique and fantastical creatures. They can customize the colors, patterns, and textures of each part to bring their creations to life. The game will provide a virtual environment where players can see their creatures move, interact with other creatures, and explore the world.",Simulation_Game
Password_Protector,"Password Protector is a security software application that securely stores and manages passwords for various online accounts. It utilizes strong encryption algorithms to protect user passwords from unauthorized access. The software allows users to generate unique and complex passwords for each account and automatically enters them when needed. It also provides an option to synchronize passwords across multiple devices for convenient access. Password Protector ensures the security and privacy of user credentials, reducing the risk of identity theft and unauthorized account access.",Security
Travel_Recommender,"A software application that provides personalized recommendations for travel destinations based on user preferences, such as budget, activities, and preferred climate. It suggests a list of destinations that match the user",Travel
Movie_Soundtrack_Creator,"This software allows users to create personalized soundtracks for their favorite movies by selecting and arranging songs categorized by genre, mood, and tempo. Users can also add sound effects and adjust volume levels. The software enables users to export the created soundtracks for personal or professional use.",Entertainment
Virus_Protector,"Virus Protector is a security software application that scans and removes viruses, malware, and other malicious threats from computer systems. It provides real-time protection by constantly monitoring system activities and files, and it also offers scheduled and on-demand scanning options. Virus Protector keeps the system secure by detecting and eliminating any potential security risks, ensuring the system",Security
Product_Feedback_Analyzer,"Product Feedback Analyzer is a business software application that helps businesses analyze and gain insights from customer feedback on their products. The software allows businesses to collect feedback from various sources such as surveys, online reviews, and social media comments. It provides features for categorizing feedback, identifying sentiment, and generating reports to analyze trends and patterns in product feedback data. This information can assist businesses in making informed decisions to improve their products and enhance customer satisfaction.",Business
Office_Stock_Manager,"A software that helps office administrators and managers keep track of stock levels and manage office supplies efficiently. Users can input details of various items like stationery, electronics, furniture, etc. The software provides features for adding new items, updating stock quantities, and setting reminders for restocking or replacing items. It also includes a search functionality to easily retrieve information about specific items in the office inventory.",Office
SportGame_Match_Simulation,"The SportGame Match Simulation is a software application that allows users to simulate and play out virtual sports matches. Users can select their preferred sport, input team names, and customize various aspects of the match such as venue, weather conditions, and player attributes. The software provides a user-friendly interface with realistic gameplay mechanics and AI-controlled opponents. Users can play matches, make tactical decisions, and experience the thrill of competitive sports without relying on real-world data sources.",Sport_Game
War_Front,"War Front is a strategy game application where players strategically plan and execute military operations to achieve victory in a war. They allocate resources, train armies, and develop advanced tactics to outsmart enemies.",Strategy_Game
Data_Anomaly_Explorer,"The Data Anomaly Explorer is a software application that allows users to visually explore and investigate anomalies in their data sets. It provides users with an intuitive interface where they can easily import their data sets and choose the variables they want to analyze for anomalies. The software uses statistical and machine learning techniques to detect abnormal patterns or values in the data. Users can interactively explore the anomalies by visualizing them on scatter plots, line graphs, or histograms. This software enables users to gain insights into unusual data points and understand their impact on the overall data set.",Data
Playbook_Manager,The Playbook Manager is a sports software application that allows coaches to design and manage their team,Sports
Photo_Collage_Frame_Maker,"A software that allows users to create personalized photo collages with decorative frames. Users can select multiple images from their gallery and arrange them in different layouts, such as grids or freeform. The software provides a collection of decorative frames to choose from and allows users to easily resize and position the frames. Once the collage with frames is complete, users can save it as a high-resolution image file.",Photo
Notebook_Assistant,"A software designed to enhance note-taking and organization by providing features like note creation, categorization, tagging, search capabilities, and reminders. It aims to streamline the note-taking process and improve productivity.",Notebook
Music_Chord_Progression_Generator,"Music Chord Progression Generator is a software application that helps musicians and composers generate chord progressions for their compositions. Users can input a musical key and select a desired mood or style, such as happy, sad, or jazz. The software then generates a series of chord progressions that fit the selected key and mood, providing a variety of options for users to choose from. The generated chord progressions can be exported or saved for future use.",Music
Financial_Scheduler,"Financial Scheduler is a finance software application that helps users schedule and plan their financial transactions. Users can input their recurring income and expenses, such as paychecks, bills, and subscriptions. The application will provide a clear calendar view of their financial schedule, allowing users to easily see when their income will be received and when their expenses are due. Additionally, the software will send notifications and reminders to users to ensure they stay on top of their financial obligations and avoid late payments.",Finance
Sentence_Structure_Analyzer,"Sentence Structure Analyzer is a software application that helps language learners analyze the grammatical components and sentence structure of a sentence or text in their target language. It identifies the different parts of speech, such as nouns, verbs, adjectives, and adverbs, and displays their relationships within the sentence. The software provides explanations and examples to help users understand how the sentence is structured and how each component functions.",Language
Sports_Team_Manager,"A software application that helps sports team managers and coaches organize and manage their teams. It provides features such as tracking player availability, creating and managing team schedules, assigning positions and roles, and communicating with team members.",Sport_Game
Turbo_Chase,"Turbo Chase is a racing game software that adds an exciting twist to traditional racing games. In this game, players will not only race against other opponents but also need to navigate through a city while being chased by a relentless police force. The main objective is to outrun the police and successfully complete the race without getting caught. Players can choose from a variety of fast and agile vehicles to perform daring maneuvers and use power-ups strategically to escape the police. With immersive graphics and intense gameplay, Turbo Chase offers a unique racing experience.",Racing_Game
Notebook_PlannerPro,"Notebook PlannerPro is a software application that combines note-taking and planner features to help users stay organized and manage their tasks effectively. Users can create and organize notes, set reminders, schedule tasks and events, and track their progress. The software provides a calendar view to visualize the scheduled events and tasks, offers customizable templates for note-taking and planning, and allows users to easily switch between the note-taking and planning modes for seamless organization and productivity.",Notebook
FastCart,FastCart is a shopping software that allows users to quickly create and manage their shopping lists.,Shopping
Finance_Goal_Planner,"The Finance Goal Planner is a finance software application that helps users set and track their financial goals. Users can input their specific goals, such as saving for a vacation, paying off debt, or building an emergency fund. The application will provide tools and visualizations to track progress towards these goals, including a goal progress bar, timelines, and reminders. Users can also set milestones and receive notifications when they reach them. The main function of the software is to provide users with a clear and organized way to track and achieve their financial goals.",Finance
CultureConnect,CultureConnect is a software that provides a virtual platform for users to explore and learn about various cultures from around the world...,Culture
TimeTracker,"TimeTracker is a personalization software application that helps users manage and optimize their time. It allows users to input their daily tasks, appointments, and deadlines, and provides personalized recommendations and reminders to help users stay organized and meet their goals. The software analyzes the user",Personalisation
Cultural_Conversations,"Cultural Conversations is a software application that provides a platform for individuals from different cultures to engage in meaningful conversations and share their experiences. Users can join discussion groups based on common interests or topics and connect with like-minded individuals from around the world. The application encourages cross-cultural dialogue, promotes understanding, and fosters connections between people from diverse backgrounds.",Culture
SmartCart,"SmartCart is a Restaurants&Delivery software application that aims to streamline the ordering process for users. It provides a user-friendly interface where users can build their own customized meals by selecting dishes from various partner restaurants. Users can easily browse through menus, add items to their cart, and place orders for pickup or delivery. SmartCart also offers features like real-time order tracking, seamless payment options, and personalized recommendations based on user preferences.",Restaurants_Delivery
BudgetPlannerLite_Plus,"BudgetPlannerLite Plus is a simplified budgeting software application that helps individuals track and manage their budgets effectively. It provides users with a user-friendly interface to input their income and expenses and offers basic budgeting features such as goal setting and visual representations of budget breakdowns. Additionally, it includes a savings tracker that allows users to set savings goals and track their progress over time.",Budgeting
Alien_Invasion,"Alien Invasion is a shooter game where players defend Earth from invading aliens. Strategically navigate through various cityscapes, forests, and underground tunnels, eliminating alien creatures. Protect crucial installations and engage in challenging boss battles. Experience intense action across multiple levels of increasing difficulty.",Shooter_Game
MenuExpress,"MenuExpress is a Restaurants&Delivery software application that allows users to create personalized menus from their favorite local restaurants. Users can browse through various restaurant menus, select dishes they want to include in their menu, and save their customized menu for future reference. MenuExpress also provides options to schedule delivery or pickup, ensuring a convenient dining experience.",Restaurants_Delivery
Unit_Converter,"Unit Converter is a software application that enables users to easily convert between different units of measurement. It provides a comprehensive range of conversion options, including length, weight, volume, temperature, time, and more. Users can input a value in one unit and select the desired unit for conversion. The software should support both metric and imperial units and display the converted value with precision. A user-friendly interface and intuitive design make Unit Converter a convenient tool for everyday use.",Tools_Utilities
Smart_Receipt,"Smart Receipt is a software application that allows users to digitize and organize their receipts for easy access and management. Users can simply take a picture of their receipts or upload the digital receipt files, and the software will automatically extract relevant information such as date, merchant, and total amount. The software provides a searchable database of receipts, allowing users to quickly retrieve specific receipts when needed. Smart Receipt also includes features like expense tracking, report generation, and integration with budgeting apps.",Shopping
Travel_Memories_Generator,"A software application that automatically generates personalized travel memories based on user input and photographs. Users can input details about their trips, such as the destination, dates, activities, and upload their photos. The Travel Memories Generator uses algorithms to analyze the data and generate a visually appealing and interactive travel memory album. It organizes the photos and information in a chronological order, incorporates captions and location tags, and suggests creative layouts. Users can then share their travel memories with friends and family.",Travel
Fantasy_Town_Builder,"Fantasy Town Builder is a simulation game software that allows players to create and manage their own virtual fantasy towns. Players can design and construct various buildings, including magical shops, taverns, and enchanting structures, and strategically plan the layout of streets, parks, and landmarks. They must cater to the needs of their magical inhabitants, manage resources effectively, and make decisions to ensure the growth and prosperity of the town. The game will provide challenges and quests to test the player",Simulation_Game
Language_Pronunciation_Coach,"A software application to improve pronunciation skills through exercises, real-time feedback, and comparison to native speaker audio.",Language
Sharpshooter_Showdown,"Sharpshooter Showdown is a shooter game where players showcase their marksmanship skills by competing in various shooting challenges. Players must demonstrate accuracy and speed as they aim and shoot at different targets, such as bullseyes, moving objects, and pop-up targets. The game offers different levels of difficulty, competitive leaderboards, and the ability to unlock new shooting ranges and weapons.",Shooter_Game
Data_Profiler,"The Data Profiler is a software application that automatically analyzes and profiles data sets, providing users with insights into the quality and characteristics of the data. It examines various aspects of the data, such as data types, missing values, and outliers, and generates summary statistics and visualizations to help users understand the data better.",Data
Scoreboard_Tracker,A software application that allows users to track and update scores for various sports games in real-time.,Sport_Game
Photo_Focus_Enhancer,"A software that allows users to enhance the focus and sharpness of their photos. Users can select an image and use advanced algorithms that automatically analyze and adjust the focus, making the subject appear clearer and more defined. The software provides tools to adjust the intensity of the enhancement and preview the changes in real-time. Once the focus is enhanced to the desired level, users can save the edited image.",Photo
Sports_Performance_Planner,"The Sports Performance Planner is a software application that allows athletes to plan and track their performance goals. Users can set specific performance goals for their sport, such as increasing running speed, improving shooting accuracy, or enhancing agility. The application provides personalized training plans, which include workout routines, drills, and exercises tailored to the user",Sports
Happy_Moments,"Happy Moments is a software application that allows families to capture, save, and organize their special moments in a digital format...",Family_Kids
Data_Correlator,"The Data Correlator is a software application that allows users to identify and analyze correlations between different variables in a dataset. It provides a user-friendly interface where users can import their dataset and select the variables they want to analyze. The software performs statistical computations to calculate correlation coefficients, such as Pearson correlation or Spearman correlation, and generates visualizations, such as scatter plots or correlation matrices, to depict the relationships between variables.",Data
Dine-inReserve,"Dine-inReserve is a Restaurants&Delivery software application that allows users to make reservations for dine-in at their favorite restaurants. It provides a user-friendly interface where users can search for nearby restaurants, view their availability for dine-in, and reserve a table. The software also offers features like browsing menus, viewing customer reviews, and making special requests for a personalized dining experience.",Restaurants_Delivery
Code_Efficiency_Analyzer,"The Code Efficiency Analyzer is a development software designed to evaluate the efficiency of code snippets and provide recommendations for optimizing performance. It analyzes the code using metrics such as time complexity, space complexity, and algorithmic inefficiencies. The software provides insights into areas where code can be improved to reduce execution time or memory usage. It also suggests alternative algorithms or coding patterns that can lead to more efficient code. The Code Efficiency Analyzer aims to help developers write faster and more resource-efficient code.",Development
Notebook_Sketcher,"Notebook Sketcher is a software application that allows users to create digital notebooks specifically designed for sketching and drawing. Users can create new pages within the notebook and use a variety of drawing tools, such as pencils, brushes, and colors, to sketch or draw their ideas, designs, or illustrations. They can also annotate their sketches with text and add labels or tags for easy organization and search. Notebook Sketcher provides an intuitive and user-friendly interface for a seamless sketching experience.",Notebook
EasyShop,A user-friendly shopping list organization software for managing and categorizing items efficiently.,Shopping
SportGame_Challenge,"A software application that provides interactive sports challenges for users to improve their skills and compete with others. Users can select their sport of choice and choose from a variety of challenges, such as shooting accuracy, passing accuracy, or sprint speed. The software tracks and records user performance for each challenge, provides real-time feedback on technique, and generates leaderboards to encourage competition among users.",Sport_Game
War_Strategy+,"War Strategy+ is a strategy game software application that combines traditional warfare and resource management. Players must strategically plan and execute military operations to conquer territories and defeat opponents. They need to allocate resources, train armies, and develop advanced tactics to outsmart their enemies.",Strategy_Game
SalesForce,"SalesForce is a management game software that allows players to step into the role of a sales manager. Players are responsible for managing a virtual sales team and driving business growth. They can recruit and train sales representatives, set sales targets, devise sales strategies, monitor sales performance, and provide feedback to optimize sales outcomes. The goal is to achieve sales targets, increase revenue, and build a successful sales organization.",Management_Game
Video_Analysis,A software that automatically analyzes the content of a video,Video
Animation_Creator,"Animation Creator is a graphics software application that allows users to create and edit animations. It provides a variety of tools and features for designing and animating characters, objects, and scenes. Users can easily create keyframes, adjust timing, and apply smooth transitions between frames. The software supports various animation techniques such as traditional frame-by-frame animation, skeletal animation, and motion capture. Users can also add special effects and sound to enhance their animations. Animation Creator offers a user-friendly interface with intuitive controls for easy animation creation and editing.",Graphics
Culture_Connections,"A software application that provides a platform to connect with people from different cultures worldwide, fostering cultural understanding and meaningful connections.",Culture
Read_Learn,"Read&Learn is a software application that allows users to access a vast collection of reference materials and books. Users can browse through different categories, search for specific titles, bookmark their favorite content, and even highlight and annotate text. The app also offers a personalized reading experience, allowing users to customize the font size, background color, and reading mode. With Read&Learn, users can enhance their knowledge and continue their learning journey conveniently.",Reference_Books
Word_Link_Puzzle,A puzzle game where players have to connect letters to form words.,Puzzle_Game
Finance_Insights,Finance Insights is a software application that provides users with detailed insights into their financial habits. It helps users analyze their income and expenses by providing visual representations and reports. The main function of the software is to provide users with comprehensive financial analysis and suggestions to improve their financial well-being.,Finance
Travel_Budgeter,"A software application that helps users plan and manage their travel budget effectively. It suggests a personalized budget breakdown, including estimated costs for accommodation, transportation, meals, activities, and additional expenses. Users can customize the budget by adjusting spending priorities, adding or removing expense categories. The Travel Budgeter also provides tips and recommendations on how to save money while traveling.",Travel
PixelArtify,"Convert any image into pixel art and customize the size of pixels, color palette, and apply different effects. Provides manual editing tools for refining pixel art creations.",Graphics
Night_Sky_Stargazer,"Night Sky Stargazer is an entertainment software application that allows users to explore and learn about the wonders of the night sky. Users can navigate through a virtual starry sky, identify constellations, and learn interesting facts about stars, planets, and other celestial objects. The software provides a user-friendly interface where users can zoom in on specific areas, toggle different layers of information like star names and constellation lines, and even simulate different time and date settings to see how the night sky changes.",Entertainment
Sports_Practice_Planner,"A software application that allows coaches to plan and schedule practice sessions for their sports teams. The software includes features such as creating a practice schedule, assigning drills and exercises to each session, and tracking the progress and attendance of the players.",Sports
Photo_Filter_Organizer,"A software application that allows users to organize and categorize their photo filters. Users can import their collection of filters and create custom categories to group them based on themes or styles. The software provides tools for adding descriptions and tags to the filters, as well as options for searching and filtering the filters based on their properties. Users can easily access and apply their desired filters to their photos, making the editing process more efficient and organized.",Photo
Puzzle_Blast,"Puzzle Blast is a puzzle game where players have to match and clear blocks of the same color to earn points and advance to the next level. Players need to strategically swap adjacent blocks to create matches of three or more. As players progress through levels, the difficulty increases, and they can utilize bonuses and power-ups for enhanced gameplay.",Puzzle_Game
Music_Mood_Analyzer,"Music Mood Analyzer is a software application that analyzes the mood and emotional tone of music tracks. Users can input an audio file or provide a link to an online track, and the software will analyze the audio features such as tempo, key, instrumentation, and harmonic structure to determine the mood of the music. It provides users with detailed insights on the mood descriptors such as happy, sad, energetic, or calm. Additionally, Music Mood Analyzer offers visualizations and charts to help users better understand the emotional tone of the music.",Music
Music_Chord_Finder,"The Music Chord Finder is a software application that enables musicians and music enthusiasts to effortlessly identify the chords in a given piece of music. By inputting an audio file or providing a link to an online track, users can rely on advanced audio analysis techniques to accurately recognize and display the individual chords. The software offers an intuitive interface, which includes visual representations of the chords on a virtual keyboard or guitar fretboard, chord diagrams, and fingering positions. This empowers musicians to deepen their understanding of songs and enhance their learning and playing experiences.",Music
ShopSearch,"ShopSearch is a shopping software application that helps users find products quickly and efficiently. It allows users to search for specific products or browse through categories to discover new items. ShopSearch provides relevant product information, customer reviews, and the ability to compare prices from different online retailers. The software also includes a user-friendly interface that allows users to filter and sort search results based on their preferences. With ShopSearch, users can easily find and purchase the products they need without the hassle of navigating multiple websites.",Shopping
Notepad_Plus,"Notepad Plus is a software application that provides an enhanced text editing experience. It includes features such as syntax highlighting, code indentation, search and replace functionality, and customizable themes. Notepad Plus allows users to create and edit text files with ease, making it a versatile tool for programmers, writers, and anyone who needs a powerful yet simple text editor.",Tools_Utilities
Photo_Frame_Organizer,"A software that allows users to organize and categorize their collection of photo frames. Users can import their own frames or choose from a library of pre-designed frames. They can create custom categories to group frames based on themes or styles. The software provides tools for adding descriptions and tags to the frames, as well as options for searching and filtering the frames based on their properties. Users can easily access and apply their desired frames to their photos, making the photo framing process more efficient and organized.",Photo
Project_Planner,A project planner software designed to help managers effectively plan and organize their projects.,Management_Game
Slide_Puzzle_Challenge,"Slide Puzzle Challenge is a puzzle game where players have to rearrange numbered tiles on a grid to form a specific pattern. The tiles are initially shuffled and players need to slide them horizontally or vertically to bring them into the correct order. The game includes multiple difficulty levels, timer to track solving time, and the ability to save progress. It also provides hints to help players if they get stuck.",Puzzle_Game
Quest_Progress_Visualization,"Quest Progress Visualization is a software application that provides an engaging visual representation of quest progress in role-playing games. Users can input their active quests and track their progress through an interactive graphical interface. The software visualizes completed objectives, remaining tasks, and rewards in a way that is easy to understand and navigate. It enhances the gaming experience by providing a clear overview of quest status and helps players stay organized and motivated.",Role_Playing_Game
NoteBot,"NoteBot is a notebook software application designed specifically for students to enhance their note-taking experience. It offers features such as note creation, categorization, tagging, search capabilities, and reminders, similar to Notebook Assistant. Additionally, NoteBot incorporates a smart summarization feature that uses natural language processing techniques to generate concise summaries of lengthy notes. This allows students to quickly review and grasp the key information from their notes. NoteBot aims to simplify the note-taking process, improve organization, and facilitate efficient studying.",Notebook
Bookshelf_Recommendations,Bookshelf Recommendations is a software application that provides personalized recommendations for users,Reference_Books
Speed_Boost,Speed Boost is a racing game software that focuses on the thrilling mechanic of speed boosting...,Racing_Game
TravelCompanion,A personalization software application that helps users plan personalized travel itineraries based on their preferences and interests.,Personalisation
NewsHighlights,NewsHighlights is a news software that provides users with concise summaries of top news stories using natural language processing algorithms. It categorizes news into different topics and allows users to customize their preferences. Users receive personalized daily news digests and can save and share articles.,News
Secret_Note_Keeper,"Secret Note Keeper is a software application that allows users to securely store and manage their private notes. It provides encryption features to ensure the confidentiality of the notes, and users can create multiple notebooks to categorize their notes based on topics or themes. The software allows users to add, edit, and delete notes within each notebook, and supports features like search and sorting for easy retrieval of specific notes. With Secret Note Keeper, users can safely store their sensitive information and access it whenever needed.",Tools_Utilities
DesignBoard,"DesignBoard is a graphics software application that provides a digital workspace for graphic designers to brainstorm, plan, and organize their design projects. It offers a versatile canvas where users can freely drag and drop various design elements, such as shapes, images, and icons, to create visual compositions. DesignBoard also includes tools for annotating, labeling, and connecting these elements to create clear and structured design layouts. Users can customize the size, position, and style of the elements, as well as add notes and comments for better collaboration.",Graphics
FoodHub,"FoodHub is a Restaurants&Delivery software application that allows users to discover and order food from a curated selection of popular restaurants. It provides a user-friendly interface where users can browse through a variety of restaurants, view their menu items, and place orders for pickup or delivery. FoodHub aims to provide convenience and speed by focusing on popular restaurants and dishes, ensuring a seamless and efficient user experience.",Restaurants_Delivery
Notify_Me,"Notify Me is a development software application that helps developers stay updated on the latest news and updates related to their programming languages, frameworks, and libraries of interest. It provides a user-friendly interface where developers can select their favorite topics and sources. The application then aggregates and displays relevant articles, blog posts, tutorials, and release notes in a centralized feed, allowing developers to stay informed and up-to-date with the latest developments in their field.",Development
Roleplay_Kingdom,"Roleplay Kingdom is a simulation game where players can create and manage their own virtual kingdom. They can build structures, cultivate resources, train an army, form alliances, and engage in diplomacy with other players or AI-controlled kingdoms. The game provides a detailed world map where players can explore, discover new territories, and interact with various characters and events. The ultimate goal is to expand and maintain a prosperous and influential kingdom.",Simulation_Game
Medical_Appointment_Reminders_Pro,Medical Appointment Reminders Pro is an advanced software application that sends personalized automated reminders to patients for their upcoming medical appointments. It goes beyond the basic functionality of the Medical Appointment Scheduler by providing additional features such as customized reminders based on patients,Medical
Layout_Designer,"Layout Designer is a graphics software application that allows users to design and create layouts for various purposes, such as print materials, web pages, and presentations. It provides a wide range of tools and features, including drag and drop functionality, grid systems, alignment guides, and templates. Users can easily arrange and organize text, images, and graphical elements within the layout, and adjust their sizes, positions, and styles. Layout Designer offers an intuitive and user-friendly interface, making it suitable for both professional designers and beginners.",Graphics
Family_Cooking_Time,"FamilyCookingTime is a software application that encourages families to cook together and bond over preparing meals. It provides a variety of easy-to-follow recipes suitable for all ages. Users can select recipes based on their dietary preferences and access step-by-step instructions, ingredient lists, and cooking tips. The app also offers interactive features such as timers, ingredient substitution suggestions, and a virtual grocery list. Families can create profiles, save and share favorite recipes, and create a collaborative shopping list. FamilyCookingTime aims to make cooking an enjoyable and educational experience for the whole family.",Family_Kids
Transit_Planner,The Transit Planner is a software application that helps users plan their public transportation routes efficiently and conveniently.,Transportation
Decorator,"The Decorator software is designed to provide graphic designers with a wide range of decorative elements that can be easily applied to their designs. It includes a library of pre-designed patterns, borders, frames, and ornaments that can be mixed and matched to create unique and visually appealing designs. Users can easily apply these decorative elements to their artwork with a simple drag-and-drop interface. The software also allows users to customize the color, size, and placement of the decorative elements to perfectly fit their designs.",Graphics
Strategic_Armada,"Strategic Armada is a strategy game software application that allows players to command their own fleet of spaceships and engage in intergalactic warfare. Players must strategically allocate resources, upgrade their ships, and plan tactical maneuvers to outsmart and defeat their opponents. The game offers a variety of space environments, spaceship types, and strategic challenges to test players",Strategy_Game
TrendTracker,"TrendTracker is a shopping software application that helps users discover and stay updated with the latest fashion trends. It provides curated collections of trendy clothing, accessories, and footwear from popular brands. Users can browse through the collections, view product details, and make purchases directly from the app. TrendTracker also offers personalized recommendations based on user preferences and style. With its user-friendly interface and comprehensive trend coverage, TrendTracker aims to keep users informed and stylish.",Shopping
Sports_Strategy_Planner,"This software application allows coaches and players to plan and strategize for their upcoming sports matches. Users can create game plans by dragging and dropping players into positions, drawing plays and formations, and adding notes. The software includes a library of popular plays and formations for different sports, such as football, basketball, and soccer. Users can save and share their game plans with teammates and coaches for collaboration and feedback.",Sports
Money_Tracker,"Money Tracker is a simple application that allows users to track their income and expenses. Users can input their income and expenses and categorize them into different categories such as food, transportation, entertainment, etc. The application will provide a visual representation of their spending habits through charts and graphs, allowing users to easily see where their money is going. Additionally, the application will provide budgeting tools to help users set and achieve their financial goals.",Finance
Expense_Planner_Deluxe,"Expense Planner Deluxe is a finance software application that takes expense planning to the next level. In addition to helping users allocate their income into different expense categories, it also offers advanced features such as expense forecasts, automated bill payments, and financial goal tracking. Users can input their monthly income and desired savings goals, and the application will generate a personalized expense plan. It will also provide reminders for upcoming bills and send notifications when users deviate from their budget.",Finance
Science_Simulator,"A software that allows users to simulate scientific experiments and phenomena through interactive simulations, providing a virtual environment to design and conduct experiments, adjust variables, and observe outcomes.",Science
Business_Expense_Tracker,"Business Expense Tracker is a software application that helps businesses track and manage their expenses. It provides features for recording expenses, categorizing them, setting budget limits, generating expense reports, and analyzing expense trends. The application also allows users to upload and store receipts for future reference.",Business
Sniper_Squad,"In Sniper Squad, players form a team of elite snipers on covert missions around the world. They must work together to take down high-profile targets with precision and stealth. The game offers a variety of missions in different locations, each requiring strategic planning and coordination to succeed. Players can choose from a range of sniper rifles and equipment, upgrade their skills, and unlock new mission types as they progress.",Shooter_Game
SimuChem,"SimuChem is a software application that simulates chemical reactions and predicts their outcomes based on the input of reactants and reaction conditions. It provides a visual representation of the reaction process, allowing users to manipulate reaction parameters and observe real-time changes in molecular structures and energy profiles. SimuChem incorporates basic principles of quantum mechanics and molecular dynamics to offer accurate and reliable results.",Science
Strategic_Moves,Strategic Moves is a board game software application that allows players to engage in strategic battles on a virtual game board. Players can choose from a variety of armies and take turns making moves to capture territories and defeat opponents,Board_Game
Party_Skill_Combiner,A software application that helps role-playing game players optimize their party,Role_Playing_Game
Ancient_Civilization_Builder,"Ancient Civilization Builder is a simulation game software where players can create and manage their own virtual ancient civilizations. Players will have the opportunity to build and upgrade structures, such as housing, temples, and marketplaces, to promote the growth and development of their civilizations. They must manage resources effectively, make strategic decisions, and navigate challenges unique to different time periods. The ultimate goal is to establish a thriving and prosperous ancient civilization.",Simulation_Game
Pixel_Color_Picker,"PixelColorPicker is a graphics software application that allows users to easily pick colors from digital images or screenshots. Users can hover over any pixel on the image and view the corresponding color value in various formats such as RGB, HEX, and HSL. PixelColorPicker also provides a color palette for saving and organizing selected colors. It is a convenient tool for graphic designers, artists, and individuals working with colors in digital projects.",Graphics
Expense_Splitter,"Expense Splitter is a finance software application that helps users split expenses among a group of people. Users can input their expenses and the names of the individuals involved, and the application will calculate and distribute the expenses evenly. Additionally, the software provides a summary of each individual",Finance
Profiler_Assistant,"Profiler Assistant is a software application that helps developers analyze and optimize the performance of their code. It provides insights into the execution time and resource usage of different code sections, helping developers identify bottlenecks and areas for improvement. The software allows users to profile their code in real-time or analyze pre-recorded profiling data. It provides visualizations and metrics on CPU usage, memory allocation, and I/O operations, allowing developers to pinpoint performance issues and make informed optimizations.",Development
Office_Task_Tracker,"The Office Task Tracker is a software designed to help users efficiently track and manage their tasks within an office setting. It provides a user-friendly interface for creating and organizing tasks, setting deadlines, assigning priority levels, and tracking progress. Users can easily add new tasks, update task details, and mark tasks as complete. The software also includes features such as task categorization, search functionality, and task reminders.",Office
Data_Predictor,The Data Predictor is a software application that allows users to make predictions based on their data sets. It provides users with the ability to import their data and specify the target variable they want to predict. The software uses machine learning algorithms to train a predictive model on the data and then applies the model to predict the outcome for new instances.,Data
Travel_Planner,"The Travel Planner is a transportation software application that helps users plan their trips by providing detailed information about their journey, including transportation options, estimated travel time, and cost. It considers multiple factors such as distance, traffic conditions, user preferences, and budget to suggest the most efficient and convenient routes. Users can input their starting and destination points, select their mode of transportation, and the Travel Planner will calculate and display the optimal route based on the provided data.",Transportation
ExpenseAnalyzer,"ExpenseAnalyzer is a budgeting software application that helps individuals analyze their expenses and identify areas where they can reduce spending and save money. It provides users with a user-friendly interface to input their income and expenses, categorize them, and generate detailed reports and charts to visualize spending patterns. With ExpenseAnalyzer, individuals can gain insights into their spending habits and make informed financial decisions to optimize their budget and achieve their financial goals.",Budgeting
ScheduleTracker,"ScheduleTracker is a schedule software application that helps individuals keep track of their daily activities and ensure they stay on schedule. It provides a user-friendly interface where users can input their tasks and allocate specific time slots for each task. ScheduleTracker also allows users to set reminders and notifications, ensuring they never miss an important deadline. Additionally, the software offers a visual overview of the day, giving users a clear picture of how their time is allocated. Users can also generate reports to analyze their productivity and make adjustments as needed.",Schedule
OrderEase,OrderEase is a Restaurants&Delivery software application that simplifies the process of placing and managing orders for both customers and restaurants...,Restaurants_Delivery
Particle_Collider_Simulation,Simulate particle behavior in a collider to study and analyze various particle interactions.,Science
Vulnerability_Scanner,The Vulnerability Scanner is a development software that analyzes codebase and identifies potential security vulnerabilities...,Development
Sports_Performance_Journal,"The Sports Performance Journal is a software application that allows athletes to track and analyze their performance in various sports activities. Athletes can log their workouts, practice sessions, and games, and input specific details such as duration, intensity level, performance metrics, and notes. The software provides a comprehensive dashboard where athletes can view their performance over time, set goals, and track their progress.",Sports
Expense_Analyzer_Pro,"Expense Analyzer Pro is a finance software application that goes beyond basic expense analysis. In addition to helping users track and categorize their expenses, it provides advanced features such as expense forecasting, personalized cost-cutting suggestions, and savings recommendations. Users can input their expenses and categorize them into different categories such as groceries, transportation, utilities, etc. The application will provide visualizations and reports that show users how much they are spending in each category and how it compares to their budget. Additionally, it offers personalized tips and recommendations on how users can reduce their expenses and achieve their financial goals.",Finance
Sports_Workout_Planner,"A software application that helps athletes plan and organize their workouts for various sports. Users can input their sport of choice and specific training goals, and the software provides a personalized workout plan with recommended exercises, sets, and reps. The software also tracks and records workout progress, generates reports to monitor performance, and offers guidance and tips on proper technique and injury prevention.",Sport_Game
News_Finder,"A software application that allows users to search for and discover news articles based on their interests. It provides a list of relevant articles with brief summaries, allows users to read the full content, save articles, share them on social media, and bookmark favorite sources.",News
Science_Concept_Visualizer,"The Science Concept Visualizer is a software that allows users to visualize complex scientific concepts in a simplified and interactive way. It provides interactive 3D animations and simulations to help users better understand scientific principles. Users can explore various scientific phenomena through the software, such as atomic interactions, ecosystems, chemical reactions, and astronomical events. The software also includes explanatory text and diagrams to provide a comprehensive understanding of each concept.",Science
Medical_Test_Result_Tracker,"A software application for tracking and managing medical test results. Users can input various test results and view comprehensive historical data, trends, and visualizations. The software also offers reminders for follow-up tests and appointments.",Medical
Headline_Trends,"Headline Trends is a News software application that provides users with real-time updates on the latest trending news headlines across various categories. It utilizes advanced algorithms to track and analyze the popularity and sentiment of news articles, enabling users to stay informed about the most talked-about topics. The software offers a user-friendly interface where users can browse through trending articles, view detailed insights, and explore related news stories. Users can also customize their preferences and receive personalized recommendations based on their interests.",News
Science_Discovery,Science Discovery is a standalone application that allows users to explore and learn about various scientific phenomena through interactive simulations and experiments. It provides a platform for users to actively engage in scientific discovery by conducting experiments and simulations. The software does not rely on real-world data sources and is designed to be user-friendly and easy to navigate.,Science
Knowledge_Source,"A centralized platform for users to access and explore a wide range of reference materials, books, and educational resources. Users can search for specific topics, browse categories, access detailed information, and utilize features such as bookmarking, highlighting, and note-taking.",Reference_Books
Gunner_Strike,"An action game where players navigate levels, defeat enemies using various weapons, upgrade their abilities, and face intense boss battles in their quest to achieve the highest score possible.",Action_Game
SecureNet,SecureNet is a security software application that provides secure and encrypted communication channels for internet browsing and online activities. It protects user,Security
Music_Scale_Builder,"Music Scale Builder is a software application that allows musicians and music enthusiasts to build and customize their own musical scales. Users can select from a variety of pitch options, such as notes, chords, or intervals, and add them to their customized scale. They can also adjust the octave range, modify the intervals between the pitches, and specify the root note. The software provides a visual representation of the created scale and allows users to listen to how it sounds. Additionally, Music Scale Builder offers educational resources and explanations about the theory behind scales, providing a comprehensive tool for learning and experimenting with new musical ideas.",Music
Code_Duplication_Finder,"The Code Duplication Finder software is designed to detect and highlight duplicate code within a software project. It analyzes the source code files and identifies sections of code that are similar or identical. The software provides a visual representation of the duplicated code, allowing developers to easily locate and refactor it. It also generates a report with the specific instances of code duplication, including file names, line numbers, and code snippets.",Development
Board_Game_Word_Finder,"A software application that helps players find words within letters in board games such as Scrabble or Boggle. Players can input the available letters, and the software generates a list of valid words that can be formed from those letters.",Board_Game
Shopping_Planner,"The Shopping Planner software is designed to help users plan their shopping trips efficiently. It allows users to create customizable shopping lists, categorize items, and set reminders for upcoming trips. The software also includes a map feature that suggests the most optimized route for the shopping trip, minimizing travel time and maximizing convenience. Users can add items manually or import them from previous shopping lists. Shopping Planner aims to streamline the shopping experience and eliminate the hassle of forgetting essential items.",Shopping
Shot_Accuracy_Trainer,"A software application that helps athletes improve their shot accuracy in various sports by providing a virtual training environment. Users can select their sport, input shot settings such as distance and target size, and then practice their shots using a virtual interface. The software tracks and analyzes shot accuracy, provides real-time feedback on technique, and generates reports to help athletes monitor their progress and identify areas for improvement.",Sport_Game
Expense_Planner,"Expense Planner is a finance software application that helps users plan and manage their expenses more effectively. Users can input their monthly income and set their target savings. The application will then provide assistance in allocating their income into different expense categories, such as food, transportation, rent, etc. Users can also input their desired savings goals and the application will suggest an optimal savings plan based on their income and expenses. The main function of the software is to provide users with personalized expense planning and savings guidance.",Finance
